ST_CRTY_CD,ST_CD,ST_NM,DST_ST_CD,CRTY_ISO_CD,DST_CRTY_CD,CRTY_FULL_NM
1,AL,Alabama,1,US,,UNITED STATES
2,AZ,Arizona,2,US,,UNITED STATES
3,AR,Arkansas,3,US,,UNITED STATES
4,CA,California,4,US,,UNITED STATES
5,CO,Colorado,5,US,,UNITED STATES
6,CT,Connecticut,6,US,,UNITED STATES
7,DE,Delaware,7,US,,UNITED STATES
8,DC,District of Columbia,8,US,,UNITED STATES
9,FL,Florida,9,US,,UNITED STATES
10,GA,Georgia,10,US,,UNITED STATES
11,ID,Idaho,11,US,,UNITED STATES
12,IL,Illinois,12,US,,UNITED STATES
13,IN,Indiana,13,US,,UNITED STATES
14,IA,Iowa,14,US,,UNITED STATES
15,KS,Kansas,15,US,,UNITED STATES
16,KY,Kentucky,16,US,,UNITED STATES
17,LA,Louisiana,17,US,,UNITED STATES
18,ME,Maine,18,US,,UNITED STATES
19,MD,Maryland,19,US,,UNITED STATES
20,MA,Massachusetts,20,US,,UNITED STATES
21,MI,Michigan,21,US,,UNITED STATES
22,MN,Minnesota,22,US,,UNITED STATES
23,MS,Mississippi,23,US,,UNITED STATES
24,MO,Missouri,24,US,,UNITED STATES
25,MT,Montana,25,US,,UNITED STATES
26,NE,Nebraska,26,US,,UNITED STATES
27,NV,Nevada,27,US,,UNITED STATES
28,NH,New Hampshire,28,US,,UNITED STATES
29,NJ,New Jersey,29,US,,UNITED STATES
30,NM,New Mexico,30,US,,UNITED STATES
31,NY,New York,31,US,,UNITED STATES
32,NC,North Carolina,32,US,,UNITED STATES
33,ND,North Dakota,33,US,,UNITED STATES
34,OH,Ohio,34,US,,UNITED STATES
35,OK,Oklahoma,35,US,,UNITED STATES
36,OR,Oregon,36,US,,UNITED STATES
37,PA,Pennsylvania,37,US,,UNITED STATES
38,RI,Rhode Island,38,US,,UNITED STATES
39,SC,South Carolina,39,US,,UNITED STATES
40,SD,South Dakota,40,US,,UNITED STATES
41,TN,Tennessee,41,US,,UNITED STATES
42,TX,Texas,42,US,,UNITED STATES
43,UT,Utah,43,US,,UNITED STATES
44,VT,Vermont,44,US,,UNITED STATES
45,VA,Virginia,45,US,,UNITED STATES
46,WA,Washington,46,US,,UNITED STATES
47,WV,West Virginia,47,US,,UNITED STATES
48,WI,Wisconsin,48,US,,UNITED STATES
49,WY,Wyoming,49,US,,UNITED STATES
51,AK,Alaska,51,US,,UNITED STATES
52,HI,Hawaii,52,US,,UNITED STATES
53,,,,RO,53,ROMANIA
54,,,,AU,54,AUSTRALIA
55,,,,AT,55,AUSTRIA
56,,,,BE,56,BELGIUM
57,NU,Nunavut,,CA,57,CANADA
58,,,,DK,58,DENMARK
59,,,,FI,59,FINLAND
60,,,,FR,60,FRANCE
61,,,,DE,61,GERMANY
62,,,,IE,62,IRELAND
63,,,,IT,63,ITALY
64,,,,JP,64,JAPAN
65,,,,LU,65,LUXEMBOURG
66,,,,NL,66,NETHERLANDS
67,,,,NZ,67,NEW ZEALAND
68,,,,NO,68,NORWAY
69,,,,SE,69,SWEDEN
70,,,,CH,70,SWITZERLAND
71,,,,ZA,71,SOUTH AFRICA
72,,,,GB,72,UNITED KINGDOM
73,,,,MX,73,MEXICO
74,,,,VE,74,VENEZUELA
75,,,,AR,75,ARGENTINA
76,PR,Puerto Rico ,76,US,,UNITED STATES
76,,,,PR,76,PUERTO RICO
77,,,,HK,77,HONG KONG
78,,,,TW,78,TAIWAN
79,,,,BS,79,BAHAMAS
80,,,,SA,80,SAUDI ARABIA
81,,,,VI,81,VIRGIN ISLANDS, US
81,VI,US Virgin Islands,81,US,,UNITED STATES
82,,,,GD,82,GRENADA
83,,,,PA,83,PANAMA
84,,,,PE,84,PERU
85,,,,PH,85,PHILIPPINES
86,,,,EC,86,ECUADOR
87,,,,LB,87,LEBANON
88,,,,BR,88,BRAZIL
89,,,,NI,89,NICARAGUA
90,,,,IL,90,ISRAEL
91,,,,ES,91,SPAIN
92,,,,CO,92,COLOMBIA
93,,,,GU,93,GUAM
94,,,,UY,94,URUGUAY
95,,,,IR,95,IRAN
96,,,,KW,96,KUWAIT
97,,,,LI,97,LIECHTENSTEIN
99,AA,APO/FPO/DPO US,99,US,,UNITED STATES
101,,,,JM,101,JAMAICA
102,,,,BI,102,BURUNDI
103,,,,CG,103,CONGO
104,,,,RW,104,RWANDA
105,,,,DM,105,DOMINICA
106,,,,AI,106,ANGUILLA
107,,,,FK,107,FALKLAND ISLANDS
108,,,,AG,108,ANTIGUA
109,,,,GM,109,GAMBIA
110,,,,BB,110,BARBADOS
111,,,,MW,111,MALAWI
112,,,,BZ,112,BELIZE
113,,,,MS,113,MONTSERRAT
114,,,,NG,114,NIGERIA
115,,,,KN,115,SAINT KITTIS
116,,,,LC,116,SAINT LUCIA
117,,,,VC,117,SAINT VINCENT AND THE GRENADINES
118,,,,SC,118,SEYCHELLES
119,,,,SL,119,SIERRA LEONE
120,,,,YE,120,YEMEN
121,81,Baker Island,121,UM,,UNITED STATES MINOR OUTLYING ISLANDS
122,,,,ZW,122,ZIMBABWE
123,,,,ZM,123,ZAMBIA
124,,,,AF,124,AFGHANISTAN
125,,,,AL,125,ALBANIA
126,,,,DZ,126,ALGERIA
127,AS,American Samoa ,127,US,,UNITED STATES
127,,,,AS,127,AMERICAN SAMOA
128,,,,AD,128,ANDORRA
129,,,,AO,129,ANGOLA
131,,,,AW,131,ARUBA
133,,,,PT,133,PORTUGAL
134,,,,BH,134,BAHRAIN
135,,,,BD,135,BANGLADESH
137,,,,BJ,137,BENIN
138,,,,BM,138,BERMUDA
139,,,,BT,139,BHUTAN
140,,,,BO,140,BOLIVIA
141,,,,BW,141,BOTSWANA
142,,,,BV,142,BOUVET ISLAND
143,,,,IO,143,BRITISH INDIAN OCEAN TERRITORY
144,,,,BN,144,BRUNEI
145,,,,BG,145,BULGARIA
146,,,,BF,146,BURKINA FASO
147,,,,MM,147,MYANMAR
148,,,,KH,148,CAMBODIA
149,,,,CM,149,CAMEROON
151,,,,CV,151,CAPE VERDE
152,,,,KY,152,CAYMAN ISLANDS
153,,,,CF,153,CENTRAL AFRICAN REPUBLIC
154,,,,TD,154,CHAD
155,,,,CL,155,CHILE
156,,,,CN,156,CHINA
157,,,,CX,157,CHRISTMAS ISLAND
158,,,,KI,158,KIRIBATI
160,,,,CC,160,COCOS (KEELING) ISLANDS
161,,,,KM,161,COMOROS
162,,,,CK,162,COOK ISLANDS
164,,,,CR,164,COSTA RICA
165,,,,CU,165,CUBA
166,,,,CY,166,CYPRUS
167,,,,CZ,167,CZECH REPUBLIC
168,,,,DJ,168,DJIBOUTI
169,,,,DO,169,DOMINICAN REPUBLIC
170,,,,EG,170,EGYPT
171,,,,SV,171,EL SALVADOR
173,,,,ET,173,ETHIOPIA
175,,,,FO,175,FAROE ISLANDS
176,,,,FJ,176,FIJI
177,,,,GF,177,FRENCH GUIANA
178,,,,PF,178,FRENCH POLYNESIA
179,,,,TF,179,FRENCH SOUTHERN TERRITORIES
180,,,,GA,180,GABON
182,84,Howland Island,182,UM,,UNITED STATES MINOR OUTLYING ISLANDS
183,,,,GH,183,GHANA
184,,,,GI,184,GIBRALTAR
186,,,,GR,186,GREECE
187,,,,GL,187,GREENLAND
188,,,,GP,188,GUADELOUPE
190,,,,GT,190,GUATEMALA
191,,,,GG,191,GUERNSEY
192,,,,GN,192,GUINEA
193,,,,GW,193,GUINEA-BISSAU
194,,,,GY,194,GUYANA
195,,,,HT,195,HAITI
196,,,,HM,196,HEARD ISLAND AND MCDONALD ISLANDS
197,,,,HN,197,HONDURAS
198,,,,HU,198,HUNGARY
199,,,,IS,199,ICELAND
200,,,,IN,200,INDIA
201,,,,ID,201,INDONESIA
202,,,,IQ,202,IRAQ
204,,,,IM,204,ISLE OF MAN
207,,,,JE,207,JERSEY
208,67,Johnston Atoll,208,UM,,UNITED STATES MINOR OUTLYING ISLANDS
209,,,,JO,209,JORDAN
211,,,,KE,211,KENYA
212,89,Kingman Reef,212,UM,,UNITED STATES MINOR OUTLYING ISLANDS
214,,,,KP,214,KOREA, NORTH
215,,,,KR,215,KOREA, SOUTH
216,,,,LA,216,LAOS
217,,,,LS,217,LESOTHO
218,,,,LR,218,LIBERIA
219,,,,LY,219,LIBYA
221,,,,MG,221,MADAGASCAR
222,,,,MY,222,MALAYSIA
223,,,,MV,223,MALDIVES
224,,,,ML,224,MALI
225,,,,MT,225,MALTA
226,,,,MH,226,MARSHALL ISLANDS
227,,,,MQ,227,MARTINIQUE
228,,,,MR,228,MAURITANIA
229,,,,MU,229,MAURITIUS
230,,,,YT,230,MAYOTTE
231,,,,FM,231,MICRONESIA
232,71,Midway Islands,232,UM,,UNITED STATES MINOR OUTLYING ISLANDS
233,,,,MC,233,MONACO
234,,,,MN,234,MONGOLIA
235,,,,MA,235,MOROCCO
236,,,,MZ,236,MOZAMBIQUE
237,,,,NA,237,NAMIBIA
238,,,,NR,238,NAURU
239,76,Navassa Island,239,UM,,UNITED STATES MINOR OUTLYING ISLANDS
240,,,,NP,240,NEPAL
241,,,,AN,241,NETHERLANDS ANTILLES
242,,,,NC,242,NEW CALEDONIA
243,,,,NE,243,NIGER
244,,,,NU,244,NIUE
245,,,,NF,245,NORFOLK ISLAND
247,,,,MP,247,NORTHERN MARIANA ISLANDS
247,MP,Northern Mariana Islands,247,US,,UNITED STATES
248,,,,OM,248,OMAN
249,,,,PK,249,PAKISTAN
250,95,Palmyra Atoll,250,UM,,UNITED STATES MINOR OUTLYING ISLANDS
251,,,,PG,251,PAPUA NEW GUINEA
253,,,,PY,253,PARAGUAY
254,,,,PN,254,PITCAIRN
255,,,,PL,255,POLAND
258,,,,QA,258,QATAR
260,,,,SH,260,SAINT HELENA
261,,,,PM,261,SAINT PIERRE AND MIQUELON
262,,,,SM,262,SAN MARINO
263,,,,ST,263,SAO TOME AND PRINCIPE
264,,,,SN,264,SENEGAL
265,,,,SG,265,SINGAPORE
266,,,,SB,266,SOLOMON ISLANDS
267,,,,SO,267,SOMALIA
269,,,,LK,269,SRI LANKA
270,,,,SD,270,SUDAN
271,,,,SR,271,SURINAME
272,,,,SJ,272,SVALBARD AND JAN MAYEN
273,,,,SZ,273,SWAZILAND
274,,,,SY,274,SYRIA
275,,,,TZ,275,TANZANIA
276,,,,TH,276,THAILAND
277,,,,TG,277,TOGO
278,,,,TK,278,TOKELAU
279,,,,TO,279,TONGA
280,,,,TT,280,TRINIDAD AND TOBAGO
282,,,,PW,282,PALAU
283,,,,TN,283,TUNISIA
284,,,,TR,284,TURKEY
285,,,,TC,285,TURKS AND CAICOS ISLANDS
286,,,,TV,286,TUVALU
287,,,,UG,287,UGANDA
289,,,,AE,289,UNITED ARAB EMIRATES
291,,,,VU,291,VANUATU
293,,,,VN,293,VIETNAM
294,,,,VG,294,BRITISH VIRGIN ISLANDS
296,79,Wake Island,296,UM,,UNITED STATES MINOR OUTLYING ISLANDS
297,,,,WF,297,WALLIS AND FUTUNA
298,,,,WE,298,West Bank
299,,,,EH,299,WESTERN SAHARA
300,,,,WS,300,SAMOA
302,,,,CD,302,CONGO, THE DEMOCRATIC REPUBLIC OF THE
303,,,,AM,303,ARMENIA
304,,,,AZ,304,AZERBAIJAN
305,,,,BY,305,BELARUS
306,,,,BA,306,BOSNIA AND HERZEGOVINA
307,,,,HR,307,CROATIA
308,,,,EE,308,ESTONIA
309,,,,GE,309,GEORGIA
310,,,,KZ,310,KAZAKHSTAN
311,,,,KG,311,KYRGYZSTAN
312,,,,LV,312,LATVIA
313,,,,LT,313,LITHUANIA
314,,,,MK,314,MACEDONIA
315,,,,MD,315,MOLDOVA
317,,,,RU,317,RUSSIA
318,,,,RS,318,SERBIA
319,,,,SI,319,SLOVENIA
320,,,,TJ,320,TAJIKISTAN
321,,,,TM,321,TURKMENISTAN
322,,,,UA,322,UKRAINE
323,,,,UZ,323,UZBEKISTAN
325,GU,Guam,325,US,,UNITED STATES
329,,,,SK,329,SLOVAKIA
330,,,,ER,330,ERITREA
333,,,,GS,333,SOUTH GEORGIA AND THE SOUTH SANDWICH ISLANDS
334,86,Jarvis Island,334,UM,,UNITED STATES MINOR OUTLYING ISLANDS
,,,,AX,,?LAND ISLANDS
,XX,Foreign State,,,,
,,,,VA,,HOLY SEE (VATICAN CITY STATE)
,,,,MO,,MACAO
,,,,ME,,MONTENEGRO
,,,,RE,,R?UNION
,,,,BL,,SAINT BARTH?LEMY
,,,,TL,,EAST TIMOR
,,,,MF,,SAINT MARTIN
,,,,ZR,,ZAIRE
,,,,TP,,EAST TIMOR
,,,,CW,,CURACAO
,,,,GQ,,EQUATORIAL GUINEA
,,,,XU,,EURO CURRENCY
,,,,CI,,C?TE D`IVOIRE
