FUND_KEY,ALL_FUND_CD,ALL_FUND_DESC,FUND_COMPST_KEY,SHR_CLS_CD,SHR_CLS_DESC,FUND_NM,FUND_LONG_DESC,FUND_ABRV,FUND_STAT_CD,FUND_STAT_DESC,FUND_INCPN_DT,FUND_CLOS_DT,FUND_NBR,FUND_SORT_ORD,ADDR_ID,CUSIP_ID,QUOT_SYM,ST_STR_FUND_NBR,TAX_ID,RISK_LVL,DIVD_FREQ_CD,DIVD_FREQ_DESC,CAP_GAIN_FREQ_CD,CAP_GAIN_FREQ_DESC,REG_ACCT_INIT_INVMT,IRA_ACCT_INIT_INVMT,UGMA_ACCT_INIT_INVMT,ROW_STRT_DTTM,ROW_STOP_DTTM,CURR_ROW_FLG,SRC_SYS_ID,ETL_LOAD_CYC_KEY,PERF_INCPN_DT,PERF_CALC_FLG
63,All,All Funds,24,2,Investor Class,Target Retirement 2020 Fund,Target Retirement 2020 Fund - Investor Class,Target Retirement 2020-INV,3,Retired,2009-01-02 00:00:00,2017-10-27 00:00:00,2803,143,10003,411511256,HARLX,GB53,263713284,5.0,A,Annually,A,Annually,10000,2500.0,2500.0,2020-02-25 02:21:10,,Y,4,426909,2009-01-02 00:00:00,Y
64,All,All Funds,25,1,Institutional Class,Target Retirement 2025 Fund,Target Retirement 2025 Fund - Institutional Class,Target Retirement 2025-INST,1,Open,2009-01-02 00:00:00,,2604,144,10003,411511249,HARMX,GB54,263713315,5.0,A,Annually,A,Annually,50000,1000.0,1000.0,2020-02-25 02:21:10,,Y,4,426909,2009-01-02 00:00:00,Y
65,All,All Funds,25,3,Administrative Class,Target Retirement 2025 Fund,Target Retirement 2025 Fund - Administrative Class,Target Retirement 2025-ADMN,3,Retired,2009-01-02 00:00:00,2017-10-27 00:00:00,2704,145,10003,411511231,HARNX,GB54,263713315,5.0,A,Annually,A,Annually,10000,50000.0,50000.0,2020-02-25 02:21:10,,Y,4,426909,2009-01-02 00:00:00,Y
66,All,All Funds,25,2,Investor Class,Target Retirement 2025 Fund,Target Retirement 2025 Fund - Investor Class,Target Retirement 2025-INV,3,Retired,2009-01-02 00:00:00,2017-10-27 00:00:00,2804,146,10003,411511223,HAROX,GB54,263713315,5.0,A,Annually,A,Annually,10000,2500.0,2500.0,2020-02-25 02:21:10,,Y,4,426909,2009-01-02 00:00:00,Y
67,All,All Funds,26,1,Institutional Class,Target Retirement 2030 Fund,Target Retirement 2030 Fund - Institutional Class,Target Retirement 2030-INST,1,Open,2009-01-02 00:00:00,,2605,147,10003,411512700,HARPX,GB55,263713340,5.0,A,Annually,A,Annually,50000,1000.0,1000.0,2020-02-25 02:21:10,,Y,4,426909,2009-01-02 00:00:00,Y
68,All,All Funds,26,3,Administrative Class,Target Retirement 2030 Fund,Target Retirement 2030 Fund - Administrative Class,Target Retirement 2030-ADMN,3,Retired,2009-01-02 00:00:00,2017-10-27 00:00:00,2705,148,10003,411512882,HARQX,GB55,263713340,5.0,A,Annually,A,Annually,10000,50000.0,50000.0,2020-02-25 02:21:10,,Y,4,426909,2009-01-02 00:00:00,Y
69,All,All Funds,26,2,Investor Class,Target Retirement 2030 Fund,Target Retirement 2030 Fund - Investor Class,Target Retirement 2030-INV,3,Retired,2009-01-02 00:00:00,2017-10-27 00:00:00,2805,149,10003,411512809,HARTX,GB55,263713340,5.0,A,Annually,A,Annually,10000,2500.0,2500.0,2020-02-25 02:21:10,,Y,4,426909,2009-01-02 00:00:00,Y
70,All,All Funds,27,1,Institutional Class,Target Retirement 2035 Fund,Target Retirement 2035 Fund - Institutional Class,Target Retirement 2035-INST,1,Open,2009-01-02 00:00:00,,2606,150,10003,411512106,HARUX,GB56,263713369,5.0,A,Annually,A,Annually,50000,1000.0,1000.0,2020-02-25 02:21:10,,Y,4,426909,2009-01-02 00:00:00,Y
71,All,All Funds,27,3,Administrative Class,Target Retirement 2035 Fund,Target Retirement 2035 Fund - Administrative Class,Target Retirement 2035-ADMN,3,Retired,2009-01-02 00:00:00,2017-10-27 00:00:00,2706,151,10003,411512304,HARVX,GB56,263713369,5.0,A,Annually,A,Annually,10000,50000.0,50000.0,2020-02-25 02:21:10,,Y,4,426909,2009-01-02 00:00:00,Y
72,All,All Funds,27,2,Investor Class,Target Retirement 2035 Fund,Target Retirement 2035 Fund - Investor Class,Target Retirement 2035-INV,3,Retired,2009-01-02 00:00:00,2017-10-27 00:00:00,2806,152,10003,411512205,HARWX,GB56,263713369,5.0,A,Annually,A,Annually,10000,2500.0,2500.0,2020-02-25 02:21:10,,Y,4,426909,2009-01-02 00:00:00,Y
73,All,All Funds,28,1,Institutional Class,Target Retirement 2040 Fund,Target Retirement 2040 Fund - Institutional Class,Target Retirement 2040-INST,1,Open,2009-01-02 00:00:00,,2607,153,10003,411512403,HARYX,GB57,263713394,5.0,A,Annually,A,Annually,50000,1000.0,1000.0,2020-02-25 02:21:10,,Y,4,426909,2009-01-02 00:00:00,Y
74,All,All Funds,28,3,Administrative Class,Target Retirement 2040 Fund,Target Retirement 2040 Fund - Administrative Class,Target Retirement 2040-ADMN,3,Retired,2009-01-02 00:00:00,2017-10-27 00:00:00,2707,154,10003,411512601,HARZX,GB57,263713394,5.0,A,Annually,A,Annually,10000,50000.0,50000.0,2020-02-25 02:21:10,,Y,4,426909,2009-01-02 00:00:00,Y
75,All,All Funds,28,2,Investor Class,Target Retirement 2040 Fund,Target Retirement 2040 Fund - Investor Class,Target Retirement 2040-INV,3,Retired,2009-01-02 00:00:00,2017-10-27 00:00:00,2807,155,10003,411512502,HABBX,GB57,263713394,5.0,A,Annually,A,Annually,10000,2500.0,2500.0,2020-02-25 02:21:10,,Y,4,426909,2009-01-02 00:00:00,Y
76,All,All Funds,29,1,Institutional Class,Target Retirement 2045 Fund,Target Retirement 2045 Fund - Institutional Class,Target Retirement 2045-INST,1,Open,2009-01-02 00:00:00,,2608,156,10003,411511181,HACCX,GB58,263713422,5.0,A,Annually,A,Annually,50000,1000.0,1000.0,2020-02-25 02:21:10,,Y,4,426909,2009-01-02 00:00:00,Y
77,All,All Funds,29,3,Administrative Class,Target Retirement 2045 Fund,Target Retirement 2045 Fund - Administrative Class,Target Retirement 2045-ADMN,3,Retired,2009-01-02 00:00:00,2017-10-27 00:00:00,2708,157,10003,411511173,HADDX,GB58,263713422,5.0,A,Annually,A,Annually,10000,50000.0,50000.0,2020-02-25 02:21:10,,Y,4,426909,2009-01-02 00:00:00,Y
78,All,All Funds,29,2,Investor Class,Target Retirement 2045 Fund,Target Retirement 2045 Fund - Investor Class,Target Retirement 2045-INV,3,Retired,2009-01-02 00:00:00,2017-10-27 00:00:00,2808,158,10003,411511165,HAEEX,GB58,263713422,5.0,A,Annually,A,Annually,10000,2500.0,2500.0,2020-02-25 02:21:10,,Y,4,426909,2009-01-02 00:00:00,Y
79,All,All Funds,30,1,Institutional Class,Target Retirement 2050 Fund,Target Retirement 2050 Fund - Institutional Class,Target Retirement 2050-INST,1,Open,2009-01-02 00:00:00,,2609,159,10003,411511157,HAFFX,GB59,263713447,5.0,A,Annually,A,Annually,50000,1000.0,1000.0,2020-02-25 02:21:10,,Y,4,426909,2009-01-02 00:00:00,Y
80,All,All Funds,30,3,Administrative Class,Target Retirement 2050 Fund,Target Retirement 2050 Fund - Administrative Class,Target Retirement 2050-ADMN,3,Retired,2009-01-02 00:00:00,2017-10-27 00:00:00,2709,160,10003,411511140,HAGGX,GB59,263713447,5.0,A,Annually,A,Annually,10000,50000.0,50000.0,2020-02-25 02:21:10,,Y,4,426909,2009-01-02 00:00:00,Y
81,All,All Funds,30,2,Investor Class,Target Retirement 2050 Fund,Target Retirement 2050 Fund - Investor Class,Target Retirement 2050-INV,3,Retired,2009-01-02 00:00:00,2017-10-27 00:00:00,2809,161,10003,411511132,HAHHX,GB59,263713447,5.0,A,Annually,A,Annually,10000,2500.0,2500.0,2020-02-25 02:21:10,,Y,4,426909,2009-01-02 00:00:00,Y
82,All,All Funds,31,1,Institutional Class,Global Leaders Fund,Global Leaders Fund - Institutional Class,Global Ldrs - I            ,1,Open,2009-03-01 00:00:00,,2030,76,10003,411512874,HGGAX,GB36,264203992,0.0,A,Annually,A,Annually,50000,50000.0,50000.0,2020-02-25 02:21:10,,Y,4,426909,2009-03-01 00:00:00,Y
83,All,All Funds,31,2,Investor Class,Global Leaders Fund,Global Leaders Fund - Investor Class,Global Ldrs - Inv          ,1,Open,2009-03-01 00:00:00,,2430,79,10003,411512858,HGGIX,GB36,264203992,0.0,A,Annually,A,Annually,2500,1000.0,1000.0,2020-02-25 02:21:10,,Y,4,426909,2009-03-01 00:00:00,Y
84,All,All Funds,31,3,Administrative Class,Global Leaders Fund,Global Leaders Fund - Administrative Class,Global Ldrs - A            ,1,Open,2009-03-01 00:00:00,,2230,78,10003,411512866,HRGAX,GB36,264203992,0.0,A,Annually,A,Annually,50000,0.0,0.0,2020-02-25 02:21:10,,Y,4,426909,2009-03-01 00:00:00,Y
87,All,All Funds,33,3,Administrative Class,Flexible Capital Fund,Flexible Capital Fund - Administrative Class,Flex Cap - Adm,3,Retired,2011-03-01 00:00:00,2012-10-31 00:00:00,2233,102,10003,411512775,HRFLX,GB39,274941322,30.0,A,Annually,A,Annually,50000,50000.0,50000.0,2020-02-25 02:21:10,,Y,4,426909,2011-03-01 00:00:00,Y
88,All,All Funds,33,2,Investor Class,Flexible Capital Fund,Flexible Capital Fund - Investor Class,Flex Cap - Inv,3,Retired,2011-03-01 00:00:00,2012-10-31 00:00:00,2433,103,10003,411512767,HIFLX,GB39,274941322,30.0,A,Annually,A,Annually,2500,1000.0,1000.0,2020-02-25 02:21:10,,Y,4,426909,2011-03-01 00:00:00,Y
89,All,All Funds,33,1,Institutional Class,Flexible Capital Fund,Flexible Capital Fund - Institutional Class,Flex Cap - I,3,Retired,2011-03-01 00:00:00,2012-10-31 00:00:00,2033,101,10003,411512783,HAFLX,GB39,274941322,30.0,A,Annually,A,Annually,50000,50000.0,50000.0,2020-02-25 02:21:10,,Y,4,426909,2011-03-01 00:00:00,Y
85,All,All Funds,32,3,Administrative Class,Unconstrained Bond Fund,Unconstrained Bond Fund - Administrative Class,Unconstr Bond - Admn,3,Retired,2010-04-01 00:00:00,2016-07-29 00:00:00,2232,105,10003,411512791,HRUBX,GB38,271891764,70.0,Q,Quarterly,Q,Quarterly,50000,50000.0,50000.0,2020-02-25 02:21:10,,Y,4,426909,2010-04-01 00:00:00,Y
86,All,All Funds,32,1,Institutional Class,Unconstrained Bond Fund,Unconstrained Bond Fund - Institutional Class,Unconstr Bond - Inst,3,Retired,2010-04-01 00:00:00,2016-07-29 00:00:00,2032,104,10003,411512817,HAUBX,GB38,271891764,70.0,Q,Quarterly,Q,Quarterly,1000,1000.0,1000.0,2020-02-25 02:21:10,,Y,4,426909,2010-04-01 00:00:00,Y
90,All,All Funds,35,1,Institutional Class,Convertible Securities Fund,Convertible Securities Fund - Institutional Class,Conv Sec - I,1,Open,2011-05-01 00:00:00,,2034,109,10003,411512734,HACSX,GB40,451258204,64.0,Q,Quarterly,A,Annually,1000,1000.0,1000.0,2020-02-25 02:21:10,,Y,4,426909,2011-05-01 00:00:00,Y
91,All,All Funds,35,2,Investor Class,Convertible Securities Fund,Convertible Securities Fund - Investor Class,Conv Sec - INV,1,Open,2011-05-01 00:00:00,,2434,112,10003,411512718,HICSX,GB40,451258204,64.0,Q,Quarterly,A,Annually,2500,1000.0,1000.0,2020-02-25 02:21:10,,Y,4,426909,2011-05-01 00:00:00,Y
92,All,All Funds,35,3,Administrative Class,Convertible Securities Fund,Convertible Securities Fund - Administrative Class,Conv Sec - ADM,1,Open,2011-05-01 00:00:00,,2234,111,10003,411512726,HRCSX,GB40,451258204,64.0,Q,Quarterly,A,Annually,50000,0.0,0.0,2020-02-25 02:21:10,,Y,4,426909,2011-05-01 00:00:00,Y
93,All,All Funds,34,1,Institutional Class,Emerging Markets Debt Fund,Emerging Markets Debt Fund - Institutional Class,Em Mkt Debt -I,3,Retired,2011-05-01 00:00:00,2015-04-29 00:00:00,2035,115,10003,411512759,HAEDX,GB41,451258360,63.0,Q,Quarterly,A,Annually,1000,1000.0,1000.0,2020-02-25 02:21:10,,Y,4,426909,2011-05-01 00:00:00,Y
94,All,All Funds,34,3,Administrative Class,Emerging Markets Debt Fund,Emerging Markets Debt Fund - Administrative Class,Em Mkt Debt - Adm,3,Retired,2011-05-01 00:00:00,2015-04-29 00:00:00,2235,116,10003,411512742,HREDX,GB41,451258360,63.0,Q,Quarterly,A,Annually,50000,0.0,0.0,2020-02-25 02:21:10,,Y,4,426909,2011-05-01 00:00:00,Y
1,All,All Funds,1,1,Institutional Class,Growth Fund,Growth Fund - Institutional Class,Growth,4,Merged,1986-11-19 00:00:00,2002-10-31 00:00:00,2000,5,10003,411511207,HAGWX,GB00,346864487,100.0,A,Annually,A,Annually,1000,500.0,500.0,2020-02-25 02:21:10,,Y,4,426909,1986-11-19 00:00:00,Y
2,All,All Funds,2,1,Institutional Class,International Fund,International Fund - Institutional Class,Interntl.,1,Open,1987-12-29 00:00:00,,2011,83,10003,411511306,HAINX,GB01,341570746,50.0,A,Annually,A,Annually,50000,50000.0,50000.0,2020-02-25 02:21:10,,Y,4,426909,1987-12-29 00:00:00,Y
3,All,All Funds,3,1,Institutional Class,Capital Appreciation Fund,Capital Appreciation Fund - Institutional Class,Cap. App.,1,Open,1987-12-29 00:00:00,,2012,1,10003,411511504,HACAX,GB02,341572115,30.0,A,Annually,A,Annually,50000,50000.0,50000.0,2020-02-25 02:21:10,,Y,4,426909,1987-12-29 00:00:00,Y
4,All,All Funds,4,1,Institutional Class,Large Cap Value Fund,Large Cap Value Fund - Institutional Class,Lg Cap Value,1,Open,1987-12-29 00:00:00,,2013,6,10003,411511603,HAVLX,GB03,341570877,60.0,S,Semi-annually,A,Annually,50000,50000.0,50000.0,2020-02-25 02:21:10,,Y,4,426909,1987-12-29 00:00:00,Y
5,All,All Funds,5,1,Institutional Class,Bond Fund,Bond Fund - Institutional Class,Bond,1,Open,1987-12-29 00:00:00,,2014,106,10003,411511108,HABDX,GB04,341570861,70.0,Q,Quarterly,A,Annually,1000,1000.0,1000.0,2020-02-25 02:21:10,,Y,4,426909,1987-12-29 00:00:00,Y
6,All,All Funds,6,1,Institutional Class,Money Market Fund,Money Market Fund - Institutional Class,Money Mrkt.,1,Open,1987-12-29 00:00:00,,2015,125,10003,411511405,HARXX,GB05,341570876,90.0,M,Monthly,M,Monthly,1000,1000.0,1000.0,2020-02-25 02:21:10,,Y,4,426909,1987-12-29 00:00:00,Y
7,All,All Funds,7,1,Institutional Class,Short Duration Fund,Short Duration Fund - Institutional Class,Short Dur.,3,Retired,1992-01-01 00:00:00,2010-10-29 00:00:00,2016,130,10003,411511702,HASDX,GB06,341694291,80.0,M,Monthly,A,Annually,1000,1000.0,1000.0,2020-02-25 02:21:10,,Y,4,426909,1992-01-01 00:00:00,Y
8,All,All Funds,8,1,Institutional Class,International Growth Fund,International Growth Fund - Institutional Class,Intl. Growth,1,Open,1993-11-01 00:00:00,,2017,88,10003,411511801,HAIGX,GB12,341748997,20.0,A,Annually,A,Annually,50000,50000.0,50000.0,2020-02-25 02:21:10,,Y,4,426909,1993-11-01 00:00:00,Y
9,All,All Funds,9,1,Institutional Class,International Fund II,International Fund II - Institutional Class,Intl. II,4,Merged,1996-06-01 00:00:00,2002-11-16 00:00:00,2018,87,10003,411511884,HAIIX,GB14,347050144,40.0,A,Annually,A,Annually,1000,500.0,500.0,2020-02-25 02:21:10,,Y,4,426909,1996-06-01 00:00:00,Y
10,All,All Funds,10,1,Institutional Class,Mid Cap Growth Fund,Mid Cap Growth Fund - Institutional Class,Mid Cap Grwth.,1,Open,2000-11-01 00:00:00,,2019,13,10003,411511876,HAMGX,GB24,341931837,5.0,A,Annually,A,Annually,50000,50000.0,50000.0,2020-02-25 02:21:10,,Y,4,426909,2000-11-01 00:00:00,Y
11,All,All Funds,11,1,Institutional Class,Small Cap Growth Fund,Small Cap Growth Fund - Institutional Class,Sm Cap Grwth.,5,Soft close,2000-11-01 00:00:00,,2010,21,10003,411511868,HASGX,GB25,346864487,10.0,A,Annually,A,Annually,50000,50000.0,50000.0,2020-02-25 02:21:10,,Y,4,426909,2000-11-01 00:00:00,Y
12,All,All Funds,12,1,Institutional Class,Global Equity Fund,Global Equity Fund - Institutional Class,Global Eq.,3,Retired,2001-02-01 00:00:00,2003-07-31 00:00:00,2021,73,10003,411511850,HAGEX,GB26,347128192,25.0,A,Annually,A,Annually,100000,100000.0,100000.0,2020-02-25 02:21:10,,Y,4,426909,2001-02-01 00:00:00,Y
13,All,All Funds,13,1,Institutional Class,Small Cap Value Fund,Small Cap Value Fund - Institutional Class,Sm Cap Value,1,Open,2001-12-14 00:00:00,,2022,29,10003,411511843,HASCX,GB27,341971614,35.0,A,Annually,A,Annually,50000,50000.0,50000.0,2020-02-25 02:21:10,,Y,4,426909,2001-12-14 00:00:00,Y
14,All,All Funds,14,1,Institutional Class,Mid Cap Value Fund,Mid Cap Value Fund - Institutional Class,Mid Cap Value,1,Open,2002-03-01 00:00:00,,2023,17,10003,411511835,HAMVX,GB28,306006023,37.0,A,Annually,A,Annually,50000,50000.0,50000.0,2020-02-25 02:21:10,,Y,4,426909,2002-03-01 00:00:00,Y
15,All,All Funds,11,3,Administrative Class,Small Cap Growth Fund,Small Cap Growth Fund - Administrative Class,Sm Cap Gr-A,5,Soft close,2002-11-01 00:00:00,,2210,23,10003,411511769,HRSGX,GB25,346864487,10.0,A,Annually,A,Annually,50000,0.0,0.0,2020-02-25 02:21:10,,Y,4,426909,2002-11-01 00:00:00,Y
16,All,All Funds,2,3,Administrative Class,International Fund,International Fund - Administrative Class,Interntl-A,1,Open,2002-11-01 00:00:00,,2211,85,10003,411511652,HRINX,GB01,341570746,50.0,A,Annually,A,Annually,50000,0.0,0.0,2020-02-25 02:21:10,,Y,4,426909,2002-11-01 00:00:00,Y
17,All,All Funds,3,3,Administrative Class,Capital Appreciation Fund,Capital Appreciation Fund - Administrative Class,Cap App-A,1,Open,2002-11-01 00:00:00,,2212,3,10003,411511827,HRCAX,GB02,341572115,30.0,A,Annually,A,Annually,50000,0.0,0.0,2020-02-25 02:21:10,,Y,4,426909,2002-11-01 00:00:00,Y
18,All,All Funds,4,3,Administrative Class,Large Cap Value Fund,Large Cap Value Fund - Administrative Class,Lg Cap Val-A,1,Open,2002-11-01 00:00:00,,2213,8,10003,411511751,HRLVX,GB03,341570877,60.0,S,Semi-annually,A,Annually,50000,0.0,0.0,2020-02-25 02:21:10,,Y,4,426909,2002-11-01 00:00:00,Y
19,All,All Funds,5,3,Administrative Class,Bond Fund,Bond Fund - Administrative Class,Bond-A,1,Open,2002-11-01 00:00:00,,2214,108,10003,411511686,HRBDX,GB04,341570861,70.0,Q,Quarterly,A,Annually,50000,0.0,0.0,2020-02-25 02:21:10,,Y,4,426909,2002-11-01 00:00:00,Y
20,All,All Funds,6,3,Administrative Class,Money Market Fund,Money Market Fund - Administrative Class,Money Mkt-A,1,Open,2002-11-01 00:00:00,,2215,126,10003,411511660,HRMXX,GB05,341570876,90.0,M,Monthly,M,Monthly,50000,0.0,0.0,2020-02-25 02:21:10,,Y,4,426909,2002-11-01 00:00:00,Y
21,All,All Funds,7,3,Administrative Class,Short Duration Fund,Short Duration Fund - Administrative Class,Short Dur-A,3,Retired,2002-11-01 00:00:00,2010-10-29 00:00:00,2216,131,10003,411511678,HRSDX,GB06,341694291,80.0,M,Monthly,A,Annually,0,0.0,0.0,2020-02-25 02:21:10,,Y,4,426909,2002-11-01 00:00:00,Y
22,All,All Funds,8,3,Administrative Class,International Growth Fund,International Growth Fund - Administrative Class,Int Gr-A,1,Open,2002-11-01 00:00:00,,2217,90,10003,411511637,HRIGX,GB12,341748997,20.0,A,Annually,A,Annually,50000,0.0,0.0,2020-02-25 02:21:10,,Y,4,426909,2002-11-01 00:00:00,Y
23,All,All Funds,10,3,Administrative Class,Mid Cap Growth Fund,Mid Cap Growth Fund - Administrative Class,Mid Cap Gr-A,1,Open,2002-11-01 00:00:00,,2219,15,10003,411511793,HRMGX,GB24,341931837,5.0,A,Annually,A,Annually,50000,0.0,0.0,2020-02-25 02:21:10,,Y,4,426909,2002-11-01 00:00:00,Y
24,All,All Funds,12,3,Administrative Class,Global Equity Fund,Global Equity Fund - Administrative Class,Global Eq-A,3,Retired,2002-11-01 00:00:00,2003-07-31 00:00:00,2221,74,10003,411511611,HRGEX,GB26,347128192,25.0,A,Annually,A,Annually,0,0.0,0.0,2020-02-25 02:21:10,,Y,4,426909,2002-11-01 00:00:00,Y
25,All,All Funds,13,3,Administrative Class,Small Cap Value Fund,Small Cap Value Fund - Administrative Class,Sm Cap Val-A,1,Open,2002-11-01 00:00:00,,2222,31,10003,411511710,HSVRX,GB27,341971614,35.0,A,Annually,A,Annually,50000,0.0,0.0,2020-02-25 02:21:10,,Y,4,426909,2002-11-01 00:00:00,Y
26,All,All Funds,14,3,Administrative Class,Mid Cap Value Fund,Mid Cap Value Fund - Administrative Class,Mid Cap Val-A,1,Open,2002-11-01 00:00:00,,2223,19,10003,411511728,HRMVX,GB28,306006023,37.0,A,Annually,A,Annually,50000,0.0,0.0,2020-02-25 02:21:10,,Y,4,426909,2002-11-01 00:00:00,Y
27,All,All Funds,11,2,Investor Class,Small Cap Growth Fund,Small Cap Growth Fund - Investor Class,Sm Cap Gr - Inv,5,Soft close,2002-11-01 00:00:00,,2410,24,10003,411511777,HISGX,GB25,346864487,10.0,A,Annually,A,Annually,2500,1000.0,1000.0,2020-02-25 02:21:10,,Y,4,426909,2002-11-01 00:00:00,Y
28,All,All Funds,2,2,Investor Class,International Fund,International Fund - Investor Class,Interntl - Inv,1,Open,2002-11-01 00:00:00,,2411,86,10003,411511645,HIINX,GB01,341570746,50.0,A,Annually,A,Annually,2500,1000.0,1000.0,2020-02-25 02:21:10,,Y,4,426909,2002-11-01 00:00:00,Y
29,All,All Funds,3,2,Investor Class,Capital Appreciation Fund,Capital Appreciation Fund - Investor Class,Cap App - Inv,1,Open,2002-11-01 00:00:00,,2412,4,10003,411511819,HCAIX,GB02,341572115,30.0,A,Annually,A,Annually,2500,1000.0,1000.0,2020-02-25 02:21:10,,Y,4,426909,2002-11-01 00:00:00,Y
30,All,All Funds,4,2,Investor Class,Large Cap Value Fund,Large Cap Value Fund - Investor Class,Lg Cap Val - In,1,Open,2002-11-01 00:00:00,,2413,9,10003,411511744,HILVX,GB03,341570877,60.0,S,Semi-annually,A,Annually,2500,1000.0,1000.0,2020-02-25 02:21:10,,Y,4,426909,2002-11-01 00:00:00,Y
31,All,All Funds,8,2,Investor Class,International Growth Fund,International Growth Fund - Investor Class,Int Gr - Inv,1,Open,2002-11-01 00:00:00,,2417,91,10003,411511629,HIIGX,GB12,341748997,20.0,A,Annually,A,Annually,2500,1000.0,1000.0,2020-02-25 02:21:10,,Y,4,426909,2002-11-01 00:00:00,Y
32,All,All Funds,10,2,Investor Class,Mid Cap Growth Fund,Mid Cap Growth Fund - Investor Class,Mid Cap Gr - In,1,Open,2002-11-01 00:00:00,,2419,16,10003,411511785,HIMGX,GB24,341931837,5.0,A,Annually,A,Annually,2500,1000.0,1000.0,2020-02-25 02:21:10,,Y,4,426909,2002-11-01 00:00:00,Y
33,All,All Funds,12,2,Investor Class,Global Equity Fund,Global Equity Fund - Investor Class,Global Eq - Inv,3,Retired,2002-11-01 00:00:00,2003-07-31 00:00:00,2421,75,10003,411511595,HIGEX,GB26,347128192,25.0,A,Annually,A,Annually,2500,1000.0,1000.0,2020-02-25 02:21:10,,Y,4,426909,2002-11-01 00:00:00,Y
34,All,All Funds,17,1,Institutional Class,Small Company Growth Fund,Small Company Growth Fund - Institutional Class,Sm Comp Gr,3,Retired,2006-02-01 00:00:00,2009-10-30 00:00:00,2026,37,10003,411511496,HGSCX,GB31,204056559,7.0,A,Annually,A,Annually,50000,50000.0,50000.0,2020-02-25 02:21:10,,Y,4,426909,2006-02-01 00:00:00,Y
35,All,All Funds,17,3,Administrative Class,Small Company Growth Fund,Small Company Growth Fund - Administrative Class,Sm Comp-A,3,Retired,2006-02-01 00:00:00,2009-10-30 00:00:00,2226,38,10003,411511470,HSGRX,GB31,204056559,7.0,A,Annually,A,Annually,0,0.0,0.0,2020-02-25 02:21:10,,Y,4,426909,2006-02-01 00:00:00,Y
36,All,All Funds,17,2,Investor Class,Small Company Growth Fund,Small Company Growth Fund - Investor Class,Sm Comp-I,3,Retired,2006-02-01 00:00:00,2009-10-30 00:00:00,2426,39,10003,411511488,HSGIX,GB31,204056559,7.0,A,Annually,A,Annually,2500,1000.0,1000.0,2020-02-25 02:21:10,,Y,4,426909,2006-02-01 00:00:00,Y
37,All,All Funds,13,2,Investor Class,Small Cap Value Fund,Small Cap Value Fund - Investor Class,Sm Cap Val - In,1,Open,2002-11-01 00:00:00,,2422,32,10003,411511694,HISVX,GB27,341971614,35.0,A,Annually,A,Annually,2500,1000.0,1000.0,2020-02-25 02:21:10,,Y,4,426909,2002-11-01 00:00:00,Y
38,All,All Funds,14,2,Investor Class,Mid Cap Value Fund,Mid Cap Value Fund - Investor Class,Mid Cap Val - I,1,Open,2002-11-01 00:00:00,,2423,20,10003,411511736,HIMVX,GB28,306006023,37.0,A,Annually,A,Annually,2500,1000.0,1000.0,2020-02-25 02:21:10,,Y,4,426909,2002-11-01 00:00:00,Y
39,All,All Funds,15,1,Institutional Class,High-Yield Bond Fund,High-Yield Bond Fund - Institutional Class,Hi-Yield Bond,1,Open,2002-12-01 00:00:00,,2024,117,10003,411511553,HYFAX,GB29,30488315.,65.0,Q,Quarterly,A,Annually,1000,1000.0,1000.0,2020-02-25 02:21:10,,Y,4,426909,2002-12-01 00:00:00,Y
40,All,All Funds,15,3,Administrative Class,High-Yield Bond Fund,High-Yield Bond Fund - Administrative Class,Hi-Yield Bond-A,1,Open,2002-12-01 00:00:00,,2224,119,10003,411511546,HYFRX,GB29,30488315.,65.0,Q,Quarterly,A,Annually,50000,0.0,0.0,2020-02-25 02:21:10,,Y,4,426909,2002-12-01 00:00:00,Y
41,All,All Funds,15,2,Investor Class,High-Yield Bond Fund,High-Yield Bond Fund - Investor Class,Hi-Yield Bond-I,1,Open,2002-12-01 00:00:00,,2424,120,10003,411511538,HYFIX,GB29,30488315.,65.0,Q,Quarterly,A,Annually,2500,1000.0,1000.0,2020-02-25 02:21:10,,Y,4,426909,2002-12-01 00:00:00,Y
42,All,All Funds,16,1,Institutional Class,Real Return Fund,Real Return Fund - Institutional Class,Real Return-I,3,Retired,2005-12-01 00:00:00,2019-10-30 00:00:00,2025,127,10003,411511520,HARRX,GB30,47018428.,75.0,Q,Quarterly,A,Annually,1000,1000.0,1000.0,2020-02-25 02:21:10,,Y,4,426909,2005-12-01 00:00:00,Y
43,All,All Funds,16,3,Administrative Class,Real Return Fund,Real Return Fund - Administrative Class,Real Return-A,3,Retired,2005-12-01 00:00:00,2019-10-30 00:00:00,2225,129,10003,411511512,HRRRX,GB30,47018428.,75.0,Q,Quarterly,A,Annually,50000,0.0,0.0,2020-02-25 02:21:10,,Y,4,426909,2005-12-01 00:00:00,Y
44,All,All Funds,18,1,Institutional Class,Global Value Fund,Global Value Fund - Institutional Class,Global Val - I,6,Inactive,2006-08-07 00:00:00,2014-02-28 00:00:00,2027,80,10003,411511447,HAGVX,GB32,205075188,0.0,A,Annually,A,Annually,50000,50000.0,50000.0,2020-02-25 02:21:10,,Y,4,426909,2006-08-07 00:00:00,Y
45,All,All Funds,18,2,Investor Class,Global Value Fund,Global Value Fund - Investor Class,Global Val - In,6,Inactive,2006-08-07 00:00:00,2014-02-28 00:00:00,2427,82,10003,411511462,HIGVX,GB32,205075188,0.0,A,Annually,A,Annually,2500,1000.0,1000.0,2020-02-25 02:21:10,,Y,4,426909,2006-08-07 00:00:00,Y
46,All,All Funds,18,3,Administrative Class,Global Value Fund,Global Value Fund - Administrative Class,Global Val-A,6,Inactive,2006-08-07 00:00:00,2014-02-28 00:00:00,2227,81,10003,411511454,HRGVX,GB32,205075188,0.0,A,Annually,A,Annually,50000,0.0,0.0,2020-02-25 02:21:10,,Y,4,426909,2006-08-07 00:00:00,Y
47,All,All Funds,19,1,Institutional Class,Small Company Value Fund,Small Company Value Fund - Institutional Class,Small Comp Val ,3,Retired,2007-05-01 00:00:00,2011-12-29 00:00:00,2028,40,10003,411511421,HASMX,GB33,208743402,0.0,A,Annually,A,Annually,50000,50000.0,50000.0,2020-02-25 02:21:10,,Y,4,426909,2007-05-01 00:00:00,Y
48,All,All Funds,19,2,Investor Class,Small Company Value Fund,Small Company Value Fund - Investor Class,Small Comp Val -Inv,3,Retired,2007-05-01 00:00:00,2011-12-29 00:00:00,2428,42,10003,411511413,HISMX,GB33,208743402,0.0,A,Annually,A,Annually,2500,1000.0,1000.0,2020-02-25 02:21:10,,Y,4,426909,2007-05-01 00:00:00,Y
49,All,All Funds,19,3,Administrative Class,Small Company Value Fund,Small Company Value Fund - Administrative Class,Small Comp Val -Adm,3,Retired,2007-05-01 00:00:00,2011-12-29 00:00:00,2228,41,10003,411511439,HRSMX,GB33,208743402,0.0,A,Annually,A,Annually,0,0.0,0.0,2020-02-25 02:21:10,,Y,4,426909,2007-05-01 00:00:00,Y
50,All,All Funds,20,1,Institutional Class,Commodity Real Return Strategy Fund,Commodity Real Return Strategy Fund - Institutional Class,RLRTNSTRGY-INST,3,Retired,2008-09-02 00:00:00,2018-01-26 00:00:00,2029,99,10003,411511397,HACMX,GB34,263062227,5.0,Q,Quarterly,A,Annually,1000,1000.0,1000.0,2020-02-25 02:21:10,,Y,4,426909,2008-09-02 00:00:00,Y
51,All,All Funds,20,3,Administrative Class,Commodity Real Return Strategy Fund,Commodity Real Return Strategy Fund - Administrative Class,RLRTNSTRGY-ADMN,3,Retired,2008-09-02 00:00:00,2018-01-26 00:00:00,2229,100,10003,411511389,HCMRX,GB34,263062227,5.0,Q,Quarterly,A,Annually,50000,50000.0,50000.0,2020-02-25 02:21:10,,Y,4,426909,2008-09-02 00:00:00,Y
52,All,All Funds,21,1,Institutional Class,Target Retirement Income Fund,Target Retirement Income Fund - Institutional Class,Target Retirement Income-INST,1,Open,2009-01-02 00:00:00,,2600,132,10003,411511371,HARAX,GB50,263713174,0.0,Q,Quarterly,A,Annually,50000,1000.0,1000.0,2020-02-25 02:21:10,,Y,4,426909,2009-01-02 00:00:00,Y
53,All,All Funds,21,3,Administrative Class,Target Retirement Income Fund,Target Retirement Income Fund - Administrative Class,Target Retirement Income-ADMN,3,Retired,2009-01-02 00:00:00,2017-10-27 00:00:00,2700,133,10003,411511363,HARBX,GB50,263713174,0.0,Q,Quarterly,A,Annually,10000,50000.0,50000.0,2020-02-25 02:21:10,,Y,4,426909,2009-01-02 00:00:00,Y
54,All,All Funds,21,2,Investor Class,Target Retirement Income Fund,Target Retirement Income Fund - Investor Class,Target Retirement Income-INV,3,Retired,2009-01-02 00:00:00,2017-10-27 00:00:00,2800,134,10003,411511355,HARCX,GB50,263713174,0.0,Q,Quarterly,A,Annually,10000,2500.0,2500.0,2020-02-25 02:21:10,,Y,4,426909,2009-01-02 00:00:00,Y
55,All,All Funds,22,1,Institutional Class,Target Retirement 2010 Fund,Target Retirement 2010 Fund - Institutional Class,Target Retirement 2010-INST,4,Merged,2009-01-02 00:00:00,2014-10-29 00:00:00,2601,135,10003,411511348,HARDX,GB51,263713227,5.0,A,Annually,A,Annually,50000,1000.0,1000.0,2020-02-25 02:21:10,,Y,4,426909,2009-01-02 00:00:00,Y
56,All,All Funds,22,3,Administrative Class,Target Retirement 2010 Fund,Target Retirement 2010 Fund - Administrative Class,Target Retirement 2010-ADMN,4,Merged,2009-01-02 00:00:00,2014-10-29 00:00:00,2701,136,10003,411511330,HAIIX,GB51,263713227,5.0,A,Annually,A,Annually,10000,50000.0,50000.0,2020-02-25 02:21:10,,Y,4,426909,2009-01-02 00:00:00,Y
57,All,All Funds,22,2,Investor Class,Target Retirement 2010 Fund,Target Retirement 2010 Fund - Investor Class,Target Retirement 2010-INV,4,Merged,2009-01-02 00:00:00,2014-10-29 00:00:00,2801,137,10003,411511322,HARFX,GB51,263713227,5.0,A,Annually,A,Annually,10000,2500.0,2500.0,2020-02-25 02:21:10,,Y,4,426909,2009-01-02 00:00:00,Y
58,All,All Funds,23,1,Institutional Class,Target Retirement 2015 Fund,Target Retirement 2015 Fund - Institutional Class,Target Retirement 2015-INST,4,Merged,2009-01-02 00:00:00,2019-10-28 00:00:00,2602,138,10003,411511314,HARGX,GB52,263713261,5.0,A,Annually,A,Annually,50000,1000.0,1000.0,2020-02-25 02:21:10,,Y,4,426909,2009-01-02 00:00:00,Y
59,All,All Funds,23,3,Administrative Class,Target Retirement 2015 Fund,Target Retirement 2015 Fund - Administrative Class,Target Retirement 2015-ADMN,3,Retired,2009-01-02 00:00:00,2017-10-27 00:00:00,2702,139,10003,411511298,HARHX,GB52,263713261,5.0,A,Annually,A,Annually,10000,50000.0,50000.0,2020-02-25 02:21:10,,Y,4,426909,2009-01-02 00:00:00,Y
60,All,All Funds,23,2,Investor Class,Target Retirement 2015 Fund,Target Retirement 2015 Fund - Investor Class,Target Retirement 2015-INV,3,Retired,2009-01-02 00:00:00,2017-10-27 00:00:00,2802,140,10003,411511280,HARIX,GB52,263713261,5.0,A,Annually,A,Annually,10000,2500.0,2500.0,2020-02-25 02:21:10,,Y,4,426909,2009-01-02 00:00:00,Y
61,All,All Funds,24,1,Institutional Class,Target Retirement 2020 Fund,Target Retirement 2020 Fund - Institutional Class,Target Retirement 2020-INST,1,Open,2009-01-02 00:00:00,,2603,141,10003,411511272,HARJX,GB53,263713284,5.0,A,Annually,A,Annually,50000,1000.0,1000.0,2020-02-25 02:21:10,,Y,4,426909,2009-01-02 00:00:00,Y
62,All,All Funds,24,3,Administrative Class,Target Retirement 2020 Fund,Target Retirement 2020 Fund - Administrative Class,Target Retirement 2020-ADMN,3,Retired,2009-01-02 00:00:00,2017-10-27 00:00:00,2703,142,10003,411511264,HARKX,GB53,263713284,5.0,A,Annually,A,Annually,10000,50000.0,50000.0,2020-02-25 02:21:10,,Y,4,426909,2009-01-02 00:00:00,Y
98,All,All Funds,37,3,Administrative Class,Small Cap Growth Opportunities Fund,Small Cap Growth Opportunities Fund - Administrative Class,Sm Cap Gr Opp - Adm,1,Open,2014-02-01 00:00:00,,2237,27,10003,411512650,HRSOX,GB43,464147580,10.0,A,Annually,A,Annually,50000,50000.0,50000.0,2020-02-25 02:21:10,,Y,4,426909,2014-02-01 00:00:00,Y
99,All,All Funds,37,2,Investor Class,Small Cap Growth Opportunities Fund,Small Cap Growth Opportunities Fund - Investor Class,Sm Cap Gr Opp - Inv,1,Open,2014-02-01 00:00:00,,2437,28,10003,411512643,HISOX,GB43,464147580,10.0,A,Annually,A,Annually,2500,1000.0,1000.0,2020-02-25 02:21:10,,Y,4,426909,2014-02-01 00:00:00,Y
100,All,All Funds,37,1,Institutional Class,Small Cap Growth Opportunities Fund,Small Cap Growth Opportunities Fund - Institutional Class,Sm Cap Gr Opp - I ,1,Open,2014-02-01 00:00:00,,2037,25,10003,411512668,HASOX,GB43,464147580,10.0,A,Annually,A,Annually,50000,50000.0,50000.0,2020-02-25 02:21:10,,Y,4,426909,2014-02-01 00:00:00,Y
107,All,All Funds,40,4,Retirement Class,International Small Cap Fund,International Small Cap Fund - Retirement Class,Int Sm Cap Ret,1,Open,2016-02-01 00:00:00,,2539,93,10003,411512536,HNISX,GB45,810712026,,A,Annually,A,Annually,0,,,2020-02-25 02:21:10,,Y,4,426909,2016-02-01 00:00:00,Y
108,All,All Funds,40,3,Administrative Class,International Small Cap Fund,International Small Cap Fund - Administrative Class,Int Sm Cap Adm,1,Open,2016-02-01 00:00:00,,2239,94,10003,411512551,HRISX,GB45,810712026,,A,Annually,A,Annually,50000,50000.0,50000.0,2020-02-25 02:21:10,,Y,4,426909,2016-02-01 00:00:00,Y
109,All,All Funds,40,2,Investor Class,International Small Cap Fund,International Small Cap Fund - Investor Class,Int Sm Cap Inv,1,Open,2016-02-01 00:00:00,,2439,95,10003,411512544,HIISX,GB45,810712026,,A,Annually,A,Annually,2500,1000.0,1000.0,2020-02-25 02:21:10,,Y,4,426909,2016-02-01 00:00:00,Y
110,All,All Funds,40,1,Institutional Class,International Small Cap Fund,International Small Cap Fund - Institutional Class,Int Sm Cap Inst,1,Open,2016-02-01 00:00:00,,2039,92,10003,411512569,HAISX,GB45,810712026,,A,Annually,A,Annually,50000,50000.0,50000.0,2020-02-25 02:21:10,,Y,4,426909,2016-02-01 00:00:00,Y
133,All,All Funds,43,1,Institutional Class,High-Yield Opportunities Fund,High-Yield Opportunities Fund - Institutional Class,Hi-Yield Opp - Inst,1,Open,2017-11-01 00:00:00,,2042,121,10003,411512270,HHYNX,GB48,822567588,,Q,Quarterly,A,Annually,1000,1000.0,1000.0,2020-02-25 02:21:10,,Y,4,426909,2017-11-01 00:00:00,Y
134,All,All Funds,43,2,Investor Class,High-Yield Opportunities Fund,High-Yield Opportunities Fund - Investor Class,Hi-Yield Opp - Inv,1,Open,2017-11-01 00:00:00,,2442,124,10003,411512254,HHYVX,GB48,822567588,,Q,Quarterly,A,Annually,2500,1000.0,1000.0,2020-02-25 02:21:10,,Y,4,426909,2017-11-01 00:00:00,Y
135,All,All Funds,43,3,Administrative Class,High-Yield Opportunities Fund,High-Yield Opportunities Fund - Administrative Class,Hi-Yield Opp - Admn,1,Open,2017-11-01 00:00:00,,2242,123,10003,411512262,HHYAX,GB48,822567588,,Q,Quarterly,A,Annually,50000,,,2020-02-25 02:21:10,,Y,4,426909,2017-11-01 00:00:00,Y
136,All,All Funds,43,4,Retirement Class,High-Yield Opportunities Fund,High-Yield Opportunities Fund - Retirement Class,Hi-Yield Opp - Ret,1,Open,2017-11-01 00:00:00,,2542,122,10003,411512247,HHYRX,GB48,822567588,,Q,Quarterly,A,Annually,1000000,1000000.0,1000000.0,2020-02-25 02:21:10,,Y,4,426909,2017-11-01 00:00:00,Y
137,All,All Funds,16,4,Retirement Class,Real Return Fund,Real Return Fund - Retirement Class,Real Return - Ret,3,Retired,2018-06-01 00:00:00,2019-10-30 00:00:00,2525,128,10003,411512171,HRRNX,GB30,47018428.,,Q,Quarterly,A,Annually,1000000,1000000.0,1000000.0,2020-02-25 02:21:10,,Y,4,426909,2005-12-01 00:00:00,Y
138,All,All Funds,5,4,Retirement Class,Bond Fund,Bond Fund - Retirement Class,Bond - Ret,1,Open,2018-06-01 00:00:00,,2514,107,10003,411512189,HBFRX,GB04,341570861,,Q,Quarterly,A,Annually,1000000,1000000.0,1000000.0,2020-02-25 02:21:10,,Y,4,426909,1987-12-29 00:00:00,Y
139,All,All Funds,44,1,Institutional Class,Core Bond Fund,Core Bond Fund - Institutional Class,Core Bond - Inst,1,Open,2018-06-01 00:00:00,,2043,113,10003,411512239,HACBX,GB49,824849345,,Q,Quarterly,A,Annually,1000,1000.0,1000.0,2020-02-25 02:21:10,,Y,4,426909,2018-06-01 00:00:00,Y
140,All,All Funds,44,4,Retirement Class,Core Bond Fund,Core Bond Fund - Retirement Class,Core Bond - Ret,1,Open,2018-06-01 00:00:00,,2543,114,10003,411512197,HCBRX,GB49,824849345,,Q,Quarterly,A,Annually,1000000,1000000.0,1000000.0,2020-02-25 02:21:10,,Y,4,426909,2018-06-01 00:00:00,Y
101,All,All Funds,38,3,Administrative Class,Target Retirement 2055 Fund,Target Retirement 2055 Fund - Administrative Class,Target Retirement 2055-ADMN,3,Retired,2014-11-01 00:00:00,2017-10-27 00:00:00,2710,163,10003,411512627,HATAX,GB61,471187841,5.0,A,Annually,A,Annually,50000,,,2020-02-25 02:21:10,,Y,4,426909,2014-11-01 00:00:00,Y
102,All,All Funds,38,2,Investor Class,Target Retirement 2055 Fund,Target Retirement 2055 Fund - Investor Class,Target Retirement 2055-INV,3,Retired,2014-11-01 00:00:00,2017-10-27 00:00:00,2810,164,10003,411512619,HATTX,GB61,471187841,5.0,A,Annually,A,Annually,2500,,,2020-02-25 02:21:10,,Y,4,426909,2014-11-01 00:00:00,Y
103,All,All Funds,38,1,Institutional Class,Target Retirement 2055 Fund,Target Retirement 2055 Fund - Institutional Class,Target Retirement 2055-INST,1,Open,2014-11-01 00:00:00,,2610,162,10003,411512635,HATRX,GB61,471187841,5.0,A,Annually,A,Annually,1000,,,2020-02-25 02:21:10,,Y,4,426909,2014-11-01 00:00:00,Y
129,All,All Funds,42,1,Institutional Class,Small Cap Value Opportunities Fund,Small Cap Value Opportunities Fund - Institutional Class,Sm Cap Val Opp - Inst,3,Retired,2017-08-01 00:00:00,2019-12-20 00:00:00,2041,33,10003,411512320,HSOVX,GB47,821614599,,A,Annually,A,Annually,50000,50000.0,50000.0,2020-02-25 02:21:10,,Y,4,426909,2017-08-01 00:00:00,Y
130,All,All Funds,42,2,Investor Class,Small Cap Value Opportunities Fund,Small Cap Value Opportunities Fund - Investor Class,Sm Cap Val Opp - Inv,3,Retired,2017-08-01 00:00:00,2019-12-20 00:00:00,2441,36,10003,411512296,HSIVX,GB47,821614599,,A,Annually,A,Annually,2500,1000.0,1000.0,2020-02-25 02:21:10,,Y,4,426909,2017-08-01 00:00:00,Y
131,All,All Funds,42,3,Administrative Class,Small Cap Value Opportunities Fund,Small Cap Value Opportunities Fund - Administrative Class,Sm Cap Val Opp - Adm,3,Retired,2017-08-01 00:00:00,2019-12-20 00:00:00,2241,35,10003,411512312,HSAVX,GB47,821614599,,A,Annually,A,Annually,50000,50000.0,50000.0,2020-02-25 02:21:10,,Y,4,426909,2017-08-01 00:00:00,Y
132,All,All Funds,42,4,Retirement Class,Small Cap Value Opportunities Fund,Small Cap Value Opportunities Fund - Retirement Class,Sm Cap Val Opp - Ret,3,Retired,2017-08-01 00:00:00,2019-12-20 00:00:00,2541,34,10003,411512288,HSRVX,GB47,821614599,,A,Annually,A,Annually,1000000,1000000.0,1000000.0,2020-02-25 02:21:10,,Y,4,426909,2017-08-01 00:00:00,Y
95,All,All Funds,36,3,Administrative Class,Emerging Markets Equity Fund,Emerging Markets Equity Fund - Administrative Class,Em Mkt Eq - Adm,1,Open,2013-11-01 00:00:00,,2236,68,10003,411512684,HREMX,GB42,463580125,5.0,A,Annually,A,Annually,50000,50000.0,50000.0,2020-02-25 02:21:10,,Y,4,426909,2013-11-01 00:00:00,Y
96,All,All Funds,36,2,Investor Class,Emerging Markets Equity Fund,Emerging Markets Equity Fund - Investor Class,Em Mkt Eq - Inv,1,Open,2013-11-01 00:00:00,,2436,69,10003,411512676,HIEEX,GB42,463580125,5.0,A,Annually,A,Annually,2500,1000.0,1000.0,2020-02-25 02:21:10,,Y,4,426909,2013-11-01 00:00:00,Y
97,All,All Funds,36,1,Institutional Class,Emerging Markets Equity Fund,Emerging Markets Equity Fund - Institutional Class,Em Mkt Eq - I,1,Open,2013-11-01 00:00:00,,2036,66,10003,411512692,HAEMX,GB42,463580125,5.0,A,Annually,A,Annually,50000,50000.0,50000.0,2020-02-25 02:21:10,,Y,4,426909,2013-11-01 00:00:00,Y
104,All,All Funds,39,3,Administrative Class,Diversified International All Cap Fund,Diversified International All Cap Fund - Administrative Class,Diversified Intl All Cap - Adm,1,Open,2015-11-02 00:00:00,,2238,64,10003,411512585,HRIDX,GB44,474810488,50.0,A,Annually,A,Annually,50000,50000.0,50000.0,2020-02-25 02:21:10,,Y,4,426909,2015-11-02 00:00:00,Y
105,All,All Funds,39,2,Investor Class,Diversified International All Cap Fund,Diversified International All Cap Fund - Investor Class,Diversified Intl All Cap - Inv,1,Open,2015-11-02 00:00:00,,2438,65,10003,411512577,HIIDX,GB44,474810488,50.0,A,Annually,A,Annually,2500,1000.0,1000.0,2020-02-25 02:21:10,,Y,4,426909,2015-11-02 00:00:00,Y
106,All,All Funds,39,1,Institutional Class,Diversified International All Cap Fund,Diversified International All Cap Fund - Institutional Class,Diversified Intl All Cap - Inst,1,Open,2015-11-02 00:00:00,,2038,62,10003,411512593,HAIDX,GB44,474810488,50.0,A,Annually,A,Annually,50000,50000.0,50000.0,2020-02-25 02:21:10,,Y,4,426909,2015-11-02 00:00:00,Y
111,All,All Funds,2,4,Retirement Class,International Fund,International Fund - Retirement Class,Interntl. - Ret,1,Open,2016-03-01 00:00:00,,2511,84,10003,411512445,HNINX,GB01,341570746,,A,Annually,A,Annually,0,,,2020-02-25 02:21:10,,Y,4,426909,1987-12-29 00:00:00,Y
112,All,All Funds,3,4,Retirement Class,Capital Appreciation Fund,Capital Appreciation Fund - Retirement Class,Cap. App. - Ret,1,Open,2016-03-01 00:00:00,,2512,2,10003,411512528,HNACX,GB02,341572115,,A,Annually,A,Annually,0,,,2020-02-25 02:21:10,,Y,4,426909,1987-12-29 00:00:00,Y
113,All,All Funds,4,4,Retirement Class,Large Cap Value Fund,Large Cap Value Fund - Retirement Class,Lg Cap Value - Ret,1,Open,2016-03-01 00:00:00,,2513,7,10003,411512478,HNLVX,GB03,341570877,,S,Semi-annually,A,Annually,0,,,2020-02-25 02:21:10,,Y,4,426909,1987-12-29 00:00:00,Y
114,All,All Funds,10,4,Retirement Class,Mid Cap Growth Fund,Mid Cap Growth Fund - Retirement Class,Mid Cap Grwth. - Ret,1,Open,2016-03-01 00:00:00,,2519,14,10003,411512510,HNMGX,GB24,341931837,,A,Annually,A,Annually,0,,,2020-02-25 02:21:10,,Y,4,426909,2000-11-01 00:00:00,Y
115,All,All Funds,11,4,Retirement Class,Small Cap Growth Fund,Small Cap Growth Fund - Retirement Class,Sm Cap Grwth. - Ret,5,Soft close,2016-03-01 00:00:00,,2510,22,10003,411512494,HNSGX,GB25,346864487,,A,Annually,A,Annually,0,,,2020-02-25 02:21:10,,Y,4,426909,2000-11-01 00:00:00,Y
116,All,All Funds,13,4,Retirement Class,Small Cap Value Fund,Small Cap Value Fund - Retirement Class,Sm Cap Value - Ret,1,Open,2016-03-01 00:00:00,,2522,30,10003,411512452,HNVRX,GB27,341971614,,A,Annually,A,Annually,0,,,2020-02-25 02:21:10,,Y,4,426909,2001-12-14 00:00:00,Y
117,All,All Funds,14,4,Retirement Class,Mid Cap Value Fund,Mid Cap Value Fund - Retirement Class,Mid Cap Value - Ret,1,Open,2016-03-01 00:00:00,,2523,18,10003,411512460,HNMVX,GB28,306006023,,A,Annually,A,Annually,0,,,2020-02-25 02:21:10,,Y,4,426909,2002-03-01 00:00:00,Y
118,All,All Funds,37,4,Retirement Class,Small Cap Growth Opportunities Fund,Small Cap Growth Opportunities Fund - Retirement Class,Sm Cap Gr Opp - Ret ,1,Open,2016-03-01 00:00:00,,2537,26,10003,411512486,HNSOX,GB43,464147580,,A,Annually,A,Annually,0,,,2020-02-25 02:21:10,,Y,4,426909,2014-02-01 00:00:00,Y
119,All,All Funds,39,4,Retirement Class,Diversified International All Cap Fund,Diversified International All Cap Fund - Retirement Class,Diversified Intl All Cap - Ret,1,Open,2016-03-01 00:00:00,,2538,63,10003,411512437,HNIDX,GB44,474810488,,A,Annually,A,Annually,0,,,2020-02-25 02:21:10,,Y,4,426909,2015-11-02 00:00:00,Y
120,All,All Funds,8,4,Retirement Class,International Growth Fund,International Growth Fund - Retirement Class,Intl. Growth - Ret,1,Open,2016-03-01 00:00:00,,2517,89,10003,411512429,HNGFX,GB12,341748997,,A,Annually,A,Annually,0,,,2020-02-25 02:21:10,,Y,4,426909,1993-11-01 00:00:00,Y
121,All,All Funds,15,4,Retirement Class,High-Yield Bond Fund,High-Yield Bond Fund - Retirement Class,Hi-Yield Bond - Ret,1,Open,2016-03-01 00:00:00,,2524,118,10003,411512379,HNHYX,GB29,30488315.,,Q,Quarterly,A,Annually,0,,,2020-02-25 02:21:10,,Y,4,426909,2002-12-01 00:00:00,Y
122,All,All Funds,35,4,Retirement Class,Convertible Securities Fund,Convertible Securities Fund - Retirement Class,Conv Sec - Ret,1,Open,2016-03-01 00:00:00,,2534,110,10003,411512387,HNCVX,GB40,451258204,,Q,Quarterly,A,Annually,0,,,2020-02-25 02:21:10,,Y,4,426909,2011-05-01 00:00:00,Y
123,All,All Funds,31,4,Retirement Class,Global Leaders Fund,Global Leaders Fund - Retirement Class,Global Ldrs - Ret,1,Open,2016-03-01 00:00:00,,2530,77,10003,411512411,HNGIX,GB36,264203992,,A,Annually,A,Annually,0,,,2020-02-25 02:21:10,,Y,4,426909,2009-03-01 00:00:00,Y
124,All,All Funds,36,4,Retirement Class,Emerging Markets Equity Fund,Emerging Markets Equity Fund - Retirement Class,Em Mkt Eq - Ret,1,Open,2016-03-01 00:00:00,,2536,67,10003,411512395,HNEMX,GB42,463580125,,A,Annually,A,Annually,0,,,2020-02-25 02:21:10,,Y,4,426909,2013-11-01 00:00:00,Y
125,All,All Funds,41,1,Institutional Class,Strategic Growth Fund,Strategic Growth Fund - Institutional Class,Str Grth - Inst,1,Open,2011-11-01 00:00:00,,2040,43,10003,411512353,MVSGX,GB46,815103876,,A,Annually,A,Annually,50000,50000.0,50000.0,2020-02-25 02:21:10,,Y,4,426909,2011-11-01 00:00:00,Y
126,All,All Funds,41,2,Investor Class,Strategic Growth Fund,Strategic Growth Fund - Investor Class,Str Grth - Inv,1,Open,2017-03-06 00:00:00,,2440,46,10003,411512361,HISWX,GB46,815103876,,A,Annually,A,Annually,2500,1000.0,1000.0,2020-02-25 02:21:10,,Y,4,426909,2017-03-06 00:00:00,Y
127,All,All Funds,41,3,Administrative Class,Strategic Growth Fund,Strategic Growth Fund - Administrative Class,Str Grth - Adm,1,Open,2017-03-06 00:00:00,,2240,45,10003,411512338,HSRGX,GB46,815103876,,A,Annually,A,Annually,50000,50000.0,50000.0,2020-02-25 02:21:10,,Y,4,426909,2017-03-06 00:00:00,Y
128,All,All Funds,41,4,Retirement Class,Strategic Growth Fund,Strategic Growth Fund - Retirement Class,Str Grth - Ret,1,Open,2017-03-06 00:00:00,,2540,44,10003,411512346,HNGSX,GB46,815103876,,A,Annually,A,Annually,0,,,2020-02-25 02:21:10,,Y,4,426909,2017-03-06 00:00:00,Y
141,All,All Funds,45,1,Institutional Class,Overseas Fund,Overseas Fund - Institutional Class,Overseas - Inst,1,Open,2019-03-01 00:00:00,,2044,96,10003,411512163,HAOSX,GB70,832748517,,A,Annually,A,Annually,50000,50000.0,50000.0,2020-02-25 02:21:10,,Y,4,426909,2019-03-01 00:00:00,Y
142,All,All Funds,45,2,Investor Class,Overseas Fund,Overseas Fund - Investor Class,Overseas - Inv,1,Open,2019-03-01 00:00:00,,2444,98,10003,411512130,HAONX,GB70,832748517,,A,Annually,A,Annually,2500,1000.0,1000.0,2020-02-25 02:21:10,,Y,4,426909,2019-03-01 00:00:00,Y
143,All,All Funds,45,4,Retirement Class,Overseas Fund,Overseas Fund - Retirement Class,Overseas - Ret,1,Open,2019-03-01 00:00:00,,2544,97,10003,411512155,HAORX,GB70,832748517,,A,Annually,A,Annually,1000000,1000000.0,1000000.0,2020-02-25 02:21:10,,Y,4,426909,2019-03-01 00:00:00,Y
144,All,All Funds,46,1,Institutional Class,Focused International Fund,Focused International Fund - Institutional Class,Focused Intl - Inst,1,Open,2019-06-01 00:00:00,,2045,70,10003,41152P203,HNFSX,GB71,833923711,,A,Annually,A,Annually,50000,50000.0,50000.0,2020-02-25 02:21:10,,Y,4,426909,2019-06-01 00:00:00,Y
145,All,All Funds,46,2,Investor Class,Focused International Fund,Focused International Fund - Investor Class,Focused Intl - Inv,1,Open,2019-06-01 00:00:00,,2445,72,10003,41152P401,HNFIX,GB71,833923711,,A,Annually,A,Annually,2500,1000.0,1000.0,2020-02-25 02:21:10,,Y,4,426909,2019-06-01 00:00:00,Y
146,All,All Funds,46,4,Retirement Class,Focused International Fund,Focused International Fund - Retirement Class,Focused Intl - Ret,1,Open,2019-06-01 00:00:00,,2545,71,10003,41152P104,HNFRX,GB71,833923711,,A,Annually,A,Annually,1000000,1000000.0,1000000.0,2020-02-25 02:21:10,,Y,4,426909,2019-06-01 00:00:00,Y
147,All,All Funds,47,1,Institutional Class,Target Retirement 2060 Fund,Target Retirement 2060 Fund - Institutional Class,TR 2060 - Inst,1,Open,2019-11-01 00:00:00,,2611,165,10003,41152P500,HATDX,GB62,842646152,,A,Annually,A,Annually,1000,,,2020-02-25 02:21:10,,Y,4,426909,2019-11-01 00:00:00,Y
148,All,All Funds,48,4,Retirement Class,Mid Cap Fund,Mid Cap Fund - Retirement Class,MCF-Ret,1,Open,2019-12-01 00:00:00,,2546,11,10003,41152P609,HMCRX,GB72,842956009,,A,Annually,A,Annually,1000000,1000000.0,1000000.0,2020-02-25 02:21:10,,Y,4,426909,2019-12-01 00:00:00,Y
149,All,All Funds,48,2,Investor Class,Mid Cap Fund,Mid Cap Fund - Investor Class,MCF-Inv,1,Open,2019-12-01 00:00:00,,2446,12,10003,41152P880,HMCNX,GB72,842956009,,A,Annually,A,Annually,2500,1000.0,1000.0,2020-02-25 02:21:10,,Y,4,426909,2019-12-01 00:00:00,Y
150,All,All Funds,48,1,Institutional Class,Mid Cap Fund,Mid Cap Fund - Institutional Class,MCF-Inst,1,Open,2019-12-01 00:00:00,,2046,10,10003,41152P708,HMCLX,GB72,842956009,,A,Annually,A,Annually,50000,50000.0,50000.0,2020-02-25 02:21:10,,Y,4,426909,2019-12-01 00:00:00,Y
151,All,All Funds,49,4,Retirement Class,Harbor Robeco US Conservative Equities Fund,Harbor Robeco US Conservative Equities Fund - Retirement Class,HRUC-Ret,1,Open,2019-12-01 00:00:00,,2331,57,10003,41152P872,HRURX,GB80,843016013,,A,Annually,A,Annually,1000000,1000000.0,1000000.0,2020-02-25 02:21:10,,Y,4,426909,2019-12-01 00:00:00,Y
152,All,All Funds,49,2,Investor Class,Harbor Robeco US Conservative Equities Fund,Harbor Robeco US Conservative Equities Fund - Investor Class,HRUC-Inv,1,Open,2019-12-01 00:00:00,,2321,58,10003,41152P849,HRUVX,GB80,843016013,,A,Annually,A,Annually,2500,1000.0,1000.0,2020-02-25 02:21:10,,Y,4,426909,2019-12-01 00:00:00,Y
153,All,All Funds,49,1,Institutional Class,Harbor Robeco US Conservative Equities Fund,Harbor Robeco US Conservative Equities Fund - Institutional Class,HRUC-Inst,1,Open,2019-12-01 00:00:00,,2301,56,10003,41152P864,HRUNX,GB80,843016013,,A,Annually,A,Annually,50000,50000.0,50000.0,2020-02-25 02:21:10,,Y,4,426909,2019-12-01 00:00:00,Y
154,All,All Funds,50,4,Retirement Class,Harbor Robeco Global Conservative Equities Fund,Harbor Robeco Global Conservative Equities Fund - Retirement Class,HRGC-Ret,1,Open,2019-12-01 00:00:00,,2333,51,10003,41152P781,HRGTX,GB82,843016213,,A,Annually,A,Annually,1000000,1000000.0,1000000.0,2020-02-25 02:21:10,,Y,4,426909,2019-12-01 00:00:00,Y
155,All,All Funds,50,2,Investor Class,Harbor Robeco Global Conservative Equities Fund,Harbor Robeco Global Conservative Equities Fund - Investor Class,HRGC-Inv,1,Open,2019-12-01 00:00:00,,2323,52,10003,41152P757,HRGNX,GB82,843016213,,A,Annually,A,Annually,2500,1000.0,1000.0,2020-02-25 02:21:10,,Y,4,426909,2019-12-01 00:00:00,Y
156,All,All Funds,50,1,Institutional Class,Harbor Robeco Global Conservative Equities Fund,Harbor Robeco Global Conservative Equities Fund - Institutional Class,HRGC-Inst,1,Open,2019-12-01 00:00:00,,2303,50,10003,41152P773,HRGIX,GB82,843016213,,A,Annually,A,Annually,50000,50000.0,50000.0,2020-02-25 02:21:10,,Y,4,426909,2019-12-01 00:00:00,Y
157,All,All Funds,51,4,Retirement Class,Harbor Robeco Emerging Markets Active Equities Fund,Harbor Robeco Emerging Markets Active Equities Fund - Retirement Class,HREA-Ret,1,Open,2019-12-01 00:00:00,,2335,60,10003,41152P690,HRMEX,GB84,843016482,,A,Annually,A,Annually,1000000,1000000.0,1000000.0,2020-02-25 02:21:10,,Y,4,426909,2019-12-01 00:00:00,Y
158,All,All Funds,51,2,Investor Class,Harbor Robeco Emerging Markets Active Equities Fund,Harbor Robeco Emerging Markets Active Equities Fund - Investor Class,HREA-Inv,1,Open,2019-12-01 00:00:00,,2325,61,10003,41152P666,HRMOX,GB84,843016482,,A,Annually,A,Annually,2500,1000.0,1000.0,2020-02-25 02:21:10,,Y,4,426909,2019-12-01 00:00:00,Y
159,All,All Funds,51,1,Institutional Class,Harbor Robeco Emerging Markets Active Equities Fund,Harbor Robeco Emerging Markets Active Equities Fund - Institutional Class,HREA-Inst,1,Open,2019-12-01 00:00:00,,2305,59,10003,41152P682,HRMTX,GB84,843016482,,A,Annually,A,Annually,50000,50000.0,50000.0,2020-02-25 02:21:10,,Y,4,426909,2019-12-01 00:00:00,Y
160,All,All Funds,52,4,Retirement Class,Harbor Robeco International Conservative Equities Fund,Harbor Robeco International Conservative Equities Fund - Retirement Class,HRIC-Ret,1,Open,2019-12-01 00:00:00,,2332,54,10003,41152P831,HRIRX,GB81,843016116,,A,Annually,A,Annually,1000000,1000000.0,1000000.0,2020-02-25 02:21:10,,Y,4,426909,2019-12-01 00:00:00,Y
161,All,All Funds,52,2,Investor Class,Harbor Robeco International Conservative Equities Fund,Harbor Robeco International Conservative Equities Fund - Investor Class,HRIC-Inv,1,Open,2019-12-01 00:00:00,,2322,55,10003,41152P799,HRIVX,GB81,843016116,,A,Annually,A,Annually,2500,1000.0,1000.0,2020-02-25 02:21:10,,Y,4,426909,2019-12-01 00:00:00,Y
162,All,All Funds,52,1,Institutional Class,Harbor Robeco International Conservative Equities Fund,Harbor Robeco International Conservative Equities Fund - Institutional Class,HRIC-Inst,1,Open,2019-12-01 00:00:00,,2302,53,10003,41152P823,HRIEX,GB81,843016116,,A,Annually,A,Annually,50000,50000.0,50000.0,2020-02-25 02:21:10,,Y,4,426909,2019-12-01 00:00:00,Y
163,All,All Funds,53,4,Retirement Class,Harbor Robeco Emerging Markets Conservative Equities Fund,Harbor Robeco Emerging Markets Conservative Equities Fund - Retirement Class,HREC-Ret,1,Open,2019-12-01 00:00:00,,2334,48,10003,41152P740,HRERX,GB83,843016261,,A,Annually,A,Annually,1000000,1000000.0,1000000.0,2020-02-25 02:21:10,,Y,4,426909,2019-12-01 00:00:00,Y
164,All,All Funds,53,2,Investor Class,Harbor Robeco Emerging Markets Conservative Equities Fund,Harbor Robeco Emerging Markets Conservative Equities Fund - Investor Class,HREC-Inv,1,Open,2019-12-01 00:00:00,,2324,49,10003,41152P716,HRENX,GB83,843016261,,A,Annually,A,Annually,2500,1000.0,1000.0,2020-02-25 02:21:10,,Y,4,426909,2019-12-01 00:00:00,Y
165,All,All Funds,53,1,Institutional Class,Harbor Robeco Emerging Markets Conservative Equities Fund,Harbor Robeco Emerging Markets Conservative Equities Fund - Institutional Class,HREC-Inst,1,Open,2019-12-01 00:00:00,,2304,47,10003,41152P732,HRETX,GB83,843016261,,A,Annually,A,Annually,50000,50000.0,50000.0,2020-02-25 02:21:10,,Y,4,426909,2019-12-01 00:00:00,Y
